{
    "camera_matrix": [
        [
            912.764526367188, 
            0.0,
            655.110168457031
        ],
        [
            0.0,
            911.037841796875,
            366.857574462891
        ],
        [
            0.0,
            0.0,
            1.0
        ]
    ],
    "distortion_coefficients": [
        [
            0,
            0,
            0,
            0,
            0
        ]
    ]
}